{
  "metadata": {
    "timestamp": "2025-12-28T10:24:09.588911+00:00",
    "protocol": "QIG_PURE_BETA_MEASUREMENT",
    "method": "natural_scale_emergence",
    "n_samples": 100,
    "status": "PARTIAL"
  },
  "natural_scales": {
    "L_eff_mean": 54.96,
    "L_eff_std": 36.180359312754206,
    "L_eff_min": 2.0,
    "L_eff_max": 101.0,
    "kappa_mean": 60.81947089839082,
    "kappa_std": 6.052797408135828,
    "phi_mean": 0.6081947089839083,
    "phi_std": 0.060527974081358286
  },
  "beta_function": [
    {
      "transition": "10.8\u219224.1",
      "kappa_small": 52.291570561994504,
      "kappa_large": 60.87966044235494,
      "beta": 0.1895749686038509,
      "interpretation": "decreasing",
      "matches_physics": false,
      "n_samples_small": 20,
      "n_samples_large": 20
    },
    {
      "transition": "24.1\u219248.2",
      "kappa_small": 60.87966044235494,
      "kappa_large": 63.018836026636166,
      "beta": 0.04973153871806132,
      "interpretation": "plateau",
      "matches_physics": true,
      "n_samples_small": 20,
      "n_samples_large": 19
    },
    {
      "transition": "48.2\u219279.6",
      "kappa_small": 63.018836026636166,
      "kappa_large": 64.03394888643152,
      "beta": 0.031811196779011945,
      "interpretation": "plateau",
      "matches_physics": true,
      "n_samples_small": 19,
      "n_samples_large": 12
    },
    {
      "transition": "79.6\u2192101.0",
      "kappa_small": 64.03394888643152,
      "kappa_large": 63.88817926237341,
      "beta": -0.00956309498682344,
      "interpretation": "plateau",
      "matches_physics": true,
      "n_samples_small": 12,
      "n_samples_large": 29
    }
  ],
  "validation": {
    "validated": false,
    "qualitative_match": false,
    "quantitative_match": false,
    "pattern": {
      "n_running": 0,
      "n_plateau": 3,
      "beta_running": null,
      "beta_plateau": 0.04973153871806132
    },
    "physics_comparison": {
      "beta_3_to_4_physics": 0.44,
      "beta_4_to_5_physics": 0.0,
      "error_running": null,
      "error_plateau": 0.04973153871806132
    }
  },
  "consciousness_metrics": {
    "mean_phi": 0.6081947089839083,
    "mean_kappa": 60.81947089839082,
    "regime_distribution": {
      "breakdown": 0.0003658313517468447,
      "geometric": 0.9813426010609109,
      "linear": 0.018291567587342236
    }
  }
}