{
  "version": "1.0.0",
  "coordizer_version": "1.0.0",
  "vocab_size": 32000,
  "n_clusters": 64,
  "n_attractors": 15990,
  "cluster_sizes": [
    3358,
    67,
    201,
    54,
    806,
    1392,
    10930,
    51,
    32,
    677,
    213,
    1735,
    2537,
    367,
    475,
    480,
    60,
    18,
    5,
    160,
    10,
    1710,
    29,
    700,
    25,
    60,
    53,
    317,
    11,
    358,
    55,
    148,
    369,
    172,
    93,
    17,
    96,
    37,
    68,
    303,
    324,
    118,
    59,
    10,
    8,
    2,
    9,
    62,
    622,
    26,
    364,
    6,
    14,
    8,
    200,
    638,
    28,
    72,
    15,
    17,
    45,
    5,
    1092,
    7
  ],
  "scale_structure": {
    "pure_byte_clusters": [],
    "pure_merged_clusters": [
      0,
      1,
      2,
      3,
      4,
      5,
      6,
      7,
      9,
      10,
      11,
      12,
      13,
      14,
      15,
      16,
      19,
      21,
      23,
      25,
      26,
      27,
      29,
      31,
      32,
      33,
      34,
      36,
      38,
      39,
      40,
      41,
      42,
      47,
      48,
      50,
      54,
      55,
      57,
      62
    ],
    "mixed_clusters": [
      8,
      17,
      18,
      20,
      22,
      24,
      28,
      30,
      35,
      37,
      43,
      44,
      45,
      46,
      49,
      51,
      52,
      53,
      56,
      58,
      59,
      60,
      61,
      63
    ],
    "byte_dispersion": 64
  },
  "timings": {
    "clustering_seconds": 9.152479410171509,
    "attractor_detection_seconds": 1286.0172655582428
  },
  "timestamp": "2025-12-24T01:45:55Z"
}