{
  "total_dialogues": 10,
  "total_tokens": 12199,
  "total_cost": 0.07145699999999999,
  "generation_date": "2025-11-19T20:31:10.951687",
  "topics": {
    "foundational": 10,
    "qig": 0,
    "wisdom": 0
  },
  "maturity_distribution": {
    "0.0-0.2": 5,
    "0.2-0.4": 5,
    "0.4-0.6": 0,
    "0.6-0.8": 0,
    "0.8-1.0": 0
  }
}